final_segment,size,conv_pot_mean,lift_mean,profit_mean,strategic_mean,avg_aov,size_norm,overall,valid
ELSE,105,0.25100714620363324,1.053363495204844,0.6424138730429917,0.5060890359000054,945.552380952381,0.0,0.40564929161029467,True
Low AOV | Low Eng | Low Prof,138,0.1390870887709425,0.8226686958129549,0.373452300058405,0.352896026876715,469.95652173913044,0.4125,0.30740524925808205,True
Low AOV | Med Eng,162,0.30670939308129314,1.0158223179859434,0.5380885037657851,0.4139234115502563,455.7716049382716,0.7125,0.4549829073656656,True
Mid AOV,185,0.23776389560448075,0.9715480970462762,0.49897878429955833,0.6907779543977894,1612.6702702702703,1.0,0.49327496683208216,True
